Workbook

Sheet Retornos
A1: Mes | B1: Cartera Nexum | C1: Benchmark de política | D1: AGF actual 85/15 | E1: S&P 500
A2: 42400 | B2: -0.017430737 | C2: -0.023226506 | D2: -0.040867358 | E2: -0.049786092
A3: 42429 | B3: 0.0079301506 | C3: 0.0052633272 | D3: -0.0018538836 | E3: -0.00082648481
A4: 42460 | B4: 0.049297201 | C4: 0.050577433 | D4: 0.058270757 | E4: 0.067266393
A5: 42490 | B5: 0.00018026527 | C5: 0.0092878993 | D5: 0.0048964682 | E5: 0.0039411468
A6: 42521 | B6: 0.0099822384 | C6: 0.011136342 | D6: 0.013512404 | E6: 0.017011753
A7: 42551 | B7: 0.044212237 | C7: 0.027741279 | D7: 0.0035157431 | E7: 0.0034757506
A8: 42582 | B8: 0.022563831 | C8: 0.019478313 | D8: 0.032303832 | E8: 0.036471032
A9: 42613 | B9: -0.014087444 | C9: -0.0068408602 | D9: 0.0012621358 | E9: 0.0011975481
A10: 42643 | B10: 0.0011293621 | C10: 0.00072518233 | D10: 0.0012274949 | E10: 5.8178275e-05
A11: 42674 | B11: -0.023010133 | C11: -0.020611659 | D11: -0.016702159 | E11: -0.017337189
A12: 42704 | B12: 0.0018545809 | C12: 0.0031584201 | D12: 0.023807355 | E12: 0.036838454
A13: 42735 | B13: 0.019349891 | C13: 0.015543956 | D13: 0.018317613 | E13: 0.02027193
... A129: 46265 | B129: 0.037780189 | C129: 0.016008189 | D129: 0.024495548 | E129: 0.029878245

Sheet Crecimiento
A1: Mes | B1: Cartera Nexum | C1: Benchmark de política | D1: AGF actual 85/15 | E1: S&P 500
A2: =Retornos!A2 | B2: =100*(1+Retornos!B2) | C2: =100*(1+Retornos!C2) | D2: =100*(1+Retornos!D2) | E2: =100*(1+Retornos!E2)
A3: =Retornos!A3 | B3: =B2*(1+Retornos!B3) | C3: =C2*(1+Retornos!C3) | D3: =D2*(1+Retornos!D3) | E3: =E2*(1+Retornos!E3)
A4: =Retornos!A4 | B4: =B3*(1+Retornos!B4) | C4: =C3*(1+Retornos!C4) | D4: =D3*(1+Retornos!D4) | E4: =E3*(1+Retornos!E4)
A5: =Retornos!A5 | B5: =B4*(1+Retornos!B5) | C5: =C4*(1+Retornos!C5) | D5: =D4*(1+Retornos!D5) | E5: =E4*(1+Retornos!E5)
A6: =Retornos!A6 | B6: =B5*(1+Retornos!B6) | C6: =C5*(1+Retornos!C6) | D6: =D5*(1+Retornos!D6) | E6: =E5*(1+Retornos!E6)
A7: =Retornos!A7 | B7: =B6*(1+Retornos!B7) | C7: =C6*(1+Retornos!C7) | D7: =D6*(1+Retornos!D7) | E7: =E6*(1+Retornos!E7)
A8: =Retornos!A8 | B8: =B7*(1+Retornos!B8) | C8: =C7*(1+Retornos!C8) | D8: =D7*(1+Retornos!D8) | E8: =E7*(1+Retornos!E8)
A9: =Retornos!A9 | B9: =B8*(1+Retornos!B9) | C9: =C8*(1+Retornos!C9) | D9: =D8*(1+Retornos!D9) | E9: =E8*(1+Retornos!E9)
A10: =Retornos!A10 | B10: =B9*(1+Retornos!B10) | C10: =C9*(1+Retornos!C10) | D10: =D9*(1+Retornos!D10) | E10: =E9*(1+Retornos!E10)
A11: =Retornos!A11 | B11: =B10*(1+Retornos!B11) | C11: =C10*(1+Retornos!C11) | D11: =D10*(1+Retornos!D11) | E11: =E10*(1+Retornos!E11)
A12: =Retornos!A12 | B12: =B11*(1+Retornos!B12) | C12: =C11*(1+Retornos!C12) | D12: =D11*(1+Retornos!D12) | E12: =E11*(1+Retornos!E12)
A13: =Retornos!A13 | B13: =B12*(1+Retornos!B13) | C13: =C12*(1+Retornos!C13) | D13: =D12*(1+Retornos!D13) | E13: =E12*(1+Retornos!E13)
A14: =Retornos!A14 | B14: =B13*(1+Retornos!B14) | C14: =C13*(1+Retornos!C14) | D14: =D13*(1+Retornos!D14) | E14: =E13*(1+Retornos!E14)
... A129: =Retornos!A129 | B129: =B128*(1+Retornos!B129) | C129: =C128*(1+Retornos!C129) | D129: =D128*(1+Retornos!D129) | E129: =E128*(1+Retornos!E129)

Sheet Caidas
A1: Mes | B1: Cartera Nexum | C1: AGF actual 85/15
A2: =Retornos!A2 | B2: =Crecimiento!B2/MAX(Crecimiento!B$2:B2)-1 | C2: =Crecimiento!D2/MAX(Crecimiento!D$2:D2)-1
A3: =Retornos!A3 | B3: =Crecimiento!B3/MAX(Crecimiento!B$2:B3)-1 | C3: =Crecimiento!D3/MAX(Crecimiento!D$2:D3)-1
A4: =Retornos!A4 | B4: =Crecimiento!B4/MAX(Crecimiento!B$2:B4)-1 | C4: =Crecimiento!D4/MAX(Crecimiento!D$2:D4)-1
A5: =Retornos!A5 | B5: =Crecimiento!B5/MAX(Crecimiento!B$2:B5)-1 | C5: =Crecimiento!D5/MAX(Crecimiento!D$2:D5)-1
A6: =Retornos!A6 | B6: =Crecimiento!B6/MAX(Crecimiento!B$2:B6)-1 | C6: =Crecimiento!D6/MAX(Crecimiento!D$2:D6)-1
A7: =Retornos!A7 | B7: =Crecimiento!B7/MAX(Crecimiento!B$2:B7)-1 | C7: =Crecimiento!D7/MAX(Crecimiento!D$2:D7)-1
A8: =Retornos!A8 | B8: =Crecimiento!B8/MAX(Crecimiento!B$2:B8)-1 | C8: =Crecimiento!D8/MAX(Crecimiento!D$2:D8)-1
A9: =Retornos!A9 | B9: =Crecimiento!B9/MAX(Crecimiento!B$2:B9)-1 | C9: =Crecimiento!D9/MAX(Crecimiento!D$2:D9)-1
A10: =Retornos!A10 | B10: =Crecimiento!B10/MAX(Crecimiento!B$2:B10)-1 | C10: =Crecimiento!D10/MAX(Crecimiento!D$2:D10)-1
A11: =Retornos!A11 | B11: =Crecimiento!B11/MAX(Crecimiento!B$2:B11)-1 | C11: =Crecimiento!D11/MAX(Crecimiento!D$2:D11)-1
A12: =Retornos!A12 | B12: =Crecimiento!B12/MAX(Crecimiento!B$2:B12)-1 | C12: =Crecimiento!D12/MAX(Crecimiento!D$2:D12)-1
A13: =Retornos!A13 | B13: =Crecimiento!B13/MAX(Crecimiento!B$2:B13)-1 | C13: =Crecimiento!D13/MAX(Crecimiento!D$2:D13)-1
... A129: =Retornos!A129 | B129: =Crecimiento!B129/MAX(Crecimiento!B$2:B129)-1 | C129: =Crecimiento!D129/MAX(Crecimiento!D$2:D129)-1
